{"tissue_hires_scalef": 0.07971939, "tissue_lowres_scalef": 0.023915816, "fiducial_diameter_fullres": 324.04082061221857, "spot_diameter_fullres": 200.59669847423055}